<?xml version="1.0" encoding="UTF-8"?>
<project-private xmlns="http://www.netbeans.org/ns/project-private/1">
    <editor-bookmarks xmlns="http://www.netbeans.org/ns/editor-bookmarks/2" lastBookmarkId="0"/>
    <open-files xmlns="http://www.netbeans.org/ns/projectui-open-files/2">
        <group>
            <file>file:/C:/Users/ganam/Documents/Projects/Impulse/2024/Grid%20Tie/OAO_Inverter.X/adc.h</file>
            <file>file:/C:/Users/ganam/Documents/Projects/Impulse/2024/Grid%20Tie/OAO_Inverter.X/Timer.c</file>
            <file>file:/C:/Users/ganam/Documents/Projects/Impulse/2024/Grid%20Tie/OAO_Inverter.X/System.h</file>
            <file>file:/C:/Users/ganam/Documents/Projects/Impulse/2024/Grid%20Tie/OAO_Inverter.X/Main.c</file>
            <file>file:/C:/Users/ganam/Documents/Projects/Impulse/2024/Grid%20Tie/OAO_Inverter.X/System.c</file>
            <file>file:/C:/Users/ganam/Documents/Projects/Impulse/2024/Grid%20Tie/OAO_Inverter.X/pwm.c</file>
            <file>file:/C:/Users/ganam/Documents/Projects/Impulse/2024/Grid%20Tie/OAO_Inverter.X/adc.c</file>
        </group>
    </open-files>
</project-private>
